1,2023-09-11 10:02:06.000000,https://i.ytimg.com/vi/qMQ4P-vI3JI/default.jpg,400
2,2023-09-14 10:06:08.000000,https://i.ytimg.com/vi/qJPAdRcvQA0/default.jpg,400
3,2023-09-15 11:10:00.000000,https://i.ytimg.com/vi/VDE9T4iSL5Y/default.jpg,400
4,2023-02-26 00:00:03.000000,https://i.ytimg.com/vi/5hQvARv9WXc/default.jpg,452
5,2023-04-04 19:38:19.000000,https://i.ytimg.com/vi/oWGFwwu6AJ4/default.jpg,452
6,2023-06-30 21:31:25.000000,https://i.ytimg.com/vi/hYR0DAU9gyQ/default.jpg,452
7,2023-09-23 18:30:09.000000,https://i.ytimg.com/vi/k2VaLkT26gg/default.jpg,465
8,2023-09-24 13:00:18.000000,https://i.ytimg.com/vi/ZiWBOrqBx6A/default.jpg,465
9,2023-10-03 18:15:10.000000,https://i.ytimg.com/vi/f9LNsQ9dUgo/default.jpg,465
10,2023-09-23 12:00:08.000000,https://i.ytimg.com/vi/7b9DWZ1OxwI/default.jpg,449
11,2023-10-02 01:46:21.000000,https://i.ytimg.com/vi/Vo8psFc0eUQ/default.jpg,449
12,2023-10-20 21:46:10.000000,https://i.ytimg.com/vi/8jhe-OUpD_c/default.jpg,449
13,2023-06-25 21:00:28.000000,https://i.ytimg.com/vi/jmxfGIzOM-k/default.jpg,548
14,2023-07-01 21:00:08.000000,https://i.ytimg.com/vi/CyGyNw8nZRk/default.jpg,548
15,2023-10-18 21:00:28.000000,https://i.ytimg.com/vi/LsL8r3Uzg_4/default.jpg,548
16,2023-10-22 02:00:25.000000,https://i.ytimg.com/vi/bFG04lExQHU/default.jpg,458
17,2023-10-23 21:08:00.000000,https://i.ytimg.com/vi/STOU9ga6UfE/default.jpg,458
18,2023-10-24 22:15:54.000000,https://i.ytimg.com/vi/NGupDnOFLG8/default.jpg,458
19,2023-10-13 14:48:07.000000,https://i.ytimg.com/vi/AfSrcfeC1_A/default.jpg,468
20,2023-10-16 02:07:44.000000,https://i.ytimg.com/vi/yno-1WeSufA/default.jpg,468
21,2023-10-20 18:00:08.000000,https://i.ytimg.com/vi/42awuPx06e8/default.jpg,468
22,2023-10-02 01:00:30.000000,https://i.ytimg.com/vi/TD8vBsgBP-8/default.jpg,108
23,2023-10-09 01:15:01.000000,https://i.ytimg.com/vi/kxgbtpUjPXA/default.jpg,108
24,2023-10-15 01:15:01.000000,https://i.ytimg.com/vi/eoPo4pyjHB4/default.jpg,108
25,2023-06-15 21:57:14.000000,https://i.ytimg.com/vi/wvr7uwxAzKo/default.jpg,431
26,2023-06-23 03:59:07.000000,https://i.ytimg.com/vi/THB8FefJPD8/default.jpg,431
27,2023-10-25 14:07:24.000000,https://i.ytimg.com/vi/VPdwCb829fI/default.jpg,431
28,2023-10-14 20:37:27.000000,https://i.ytimg.com/vi/xhW_EUI3MhI/default.jpg,402
29,2023-10-15 17:56:01.000000,https://i.ytimg.com/vi/N6BeXdRsNNQ/default.jpg,402
30,2023-10-25 03:01:45.000000,https://i.ytimg.com/vi/C6jNDIkhdSA/default.jpg,402
31,2023-10-22 18:00:39.000000,https://i.ytimg.com/vi/yJOSI6d783Y/default.jpg,940
32,2023-10-23 19:00:33.000000,https://i.ytimg.com/vi/dEyWsuNz2Oc/default.jpg,940
33,2023-10-24 20:41:51.000000,https://i.ytimg.com/vi/gP3M4mojWtI/default.jpg,940
34,2023-10-14 21:32:34.000000,https://i.ytimg.com/vi/yIyy_TGxisY/default.jpg,467
35,2023-10-21 21:25:15.000000,https://i.ytimg.com/vi/X2o8IewQtrs/default.jpg,467
36,2023-10-23 19:09:28.000000,https://i.ytimg.com/vi/96z5643T7UQ/default.jpg,467
37,2023-10-16 20:17:43.000000,https://i.ytimg.com/vi/P2JRlW8ShIA/default.jpg,225
38,2023-10-20 22:12:58.000000,https://i.ytimg.com/vi/PfH3ujl1G24/default.jpg,225
39,2023-10-21 06:43:53.000000,https://i.ytimg.com/vi/isoHzeKjeCY/default.jpg,225
40,2023-10-18 00:53:20.000000,https://i.ytimg.com/vi/-F7JfQpHIN4/default.jpg,53
41,2023-10-21 22:53:41.000000,https://i.ytimg.com/vi/pD7JgljSye0/default.jpg,53
42,2023-10-23 22:33:30.000000,https://i.ytimg.com/vi/kafj77O8LfA/default.jpg,53
43,2023-10-20 18:00:43.000000,https://i.ytimg.com/vi/xZr9dlzT67c/default.jpg,385
44,2023-10-22 00:34:52.000000,https://i.ytimg.com/vi/Fo7qRNO2uFw/default.jpg,385
45,2023-10-23 00:49:35.000000,https://i.ytimg.com/vi/PewG5M6VTug/default.jpg,385
46,2023-09-10 10:21:04.000000,https://i.ytimg.com/vi/qJVq0NnoFqk/default.jpg,409
47,2023-10-13 12:57:04.000000,https://i.ytimg.com/vi/ukHK4owitek/default.jpg,409
48,2023-10-22 04:15:28.000000,https://i.ytimg.com/vi/oNdm_ewA4B0/default.jpg,409
49,2023-10-16 21:14:49.000000,https://i.ytimg.com/vi/yonZLBAgFtU/default.jpg,213
50,2023-10-18 22:25:18.000000,https://i.ytimg.com/vi/Xvnor0kv5RM/default.jpg,213
51,2023-10-22 13:19:05.000000,https://i.ytimg.com/vi/0xXr_TbMXnk/default.jpg,213
52,2023-09-12 02:34:41.000000,https://i.ytimg.com/vi/hbVzkKBv0I4/default.jpg,325
53,2023-09-25 08:11:48.000000,https://i.ytimg.com/vi/6k0YwgqKf7c/default.jpg,325
54,2023-10-01 01:51:56.000000,https://i.ytimg.com/vi/qswdjIIg2Us/default.jpg,325
55,2023-10-14 00:32:25.000000,https://i.ytimg.com/vi/SoRrIvUoSxA/default.jpg,17
56,2023-10-20 02:25:00.000000,https://i.ytimg.com/vi/gzv1yRAi35Q/default.jpg,17
57,2023-10-20 18:00:28.000000,https://i.ytimg.com/vi/goIFlIa64dc/default.jpg,17
58,2023-09-06 09:09:28.000000,https://i.ytimg.com/vi/th0cG78v630/default.jpg,49
59,2023-09-13 08:22:29.000000,https://i.ytimg.com/vi/hXdFetwK0es/default.jpg,49
60,2023-10-06 10:29:18.000000,https://i.ytimg.com/vi/SnP9sVYr2DI/default.jpg,49
61,2023-10-15 18:41:14.000000,https://i.ytimg.com/vi/MC3AUbUifVw/default.jpg,134
62,2023-10-21 19:12:28.000000,https://i.ytimg.com/vi/SlOFpVPboBk/default.jpg,134
63,2023-10-22 19:56:54.000000,https://i.ytimg.com/vi/KKABitbFMWw/default.jpg,134
64,2023-10-20 08:40:28.000000,https://i.ytimg.com/vi/6v9heJjHv_A/default.jpg,300
65,2023-10-22 08:05:02.000000,https://i.ytimg.com/vi/D_uuZW2nknY/default.jpg,300
66,2023-10-25 06:06:33.000000,https://i.ytimg.com/vi/swYkDmHUu80/default.jpg,300
67,2023-10-12 05:02:02.000000,https://i.ytimg.com/vi/qcu_K7QZPQw/default.jpg,140
68,2023-10-16 01:25:29.000000,https://i.ytimg.com/vi/03QGWlRfC70/default.jpg,140
69,2023-10-20 00:50:56.000000,https://i.ytimg.com/vi/gfX05kFL-nE/default.jpg,140
70,2023-10-15 23:16:48.000000,https://i.ytimg.com/vi/lTqC1aWKzoM/default.jpg,111
71,2023-10-18 21:00:09.000000,https://i.ytimg.com/vi/Sy9abscTP0Y/default.jpg,111
72,2023-10-23 20:00:07.000000,https://i.ytimg.com/vi/5e5aXh9FonQ/default.jpg,111
73,2023-10-15 02:01:59.000000,https://i.ytimg.com/vi/s2BISwLJYL0/default.jpg,383
74,2023-10-19 04:33:46.000000,https://i.ytimg.com/vi/6AJY6Kqyn5U/default.jpg,383
75,2023-10-24 02:09:41.000000,https://i.ytimg.com/vi/9qG-8n2INWw/default.jpg,383
76,2023-02-21 22:19:21.000000,https://i.ytimg.com/vi/gyL4nq53AHc/default.jpg,234
77,2023-09-20 16:00:19.000000,https://i.ytimg.com/vi/mcJe1OoJMNM/default.jpg,234
78,2023-09-20 16:00:05.000000,https://i.ytimg.com/vi/5KoYmlSuulA/default.jpg,234
79,2022-02-14 00:32:30.000000,https://i.ytimg.com/vi/-663_vH0uMM/default.jpg,392
80,2022-02-16 19:00:14.000000,https://i.ytimg.com/vi/CqZSA2xUtHc/default.jpg,392
81,2022-02-25 17:00:32.000000,https://i.ytimg.com/vi/tUO3KBQsc-k/default.jpg,392
82,2023-10-22 00:00:07.000000,https://i.ytimg.com/vi/AfKv8JcgviY/default.jpg,424
83,2023-10-23 00:00:16.000000,https://i.ytimg.com/vi/OOhs0xoWUQY/default.jpg,424
84,2023-10-24 00:00:43.000000,https://i.ytimg.com/vi/vkJt8RbPYbQ/default.jpg,424
85,2023-06-25 18:00:09.000000,https://i.ytimg.com/vi/234RMlK0ntc/default.jpg,230
86,2023-08-20 12:00:01.000000,https://i.ytimg.com/vi/3G2AhcodLMA/default.jpg,230
87,2023-10-19 20:23:13.000000,https://i.ytimg.com/vi/BJUB6F7W4zE/default.jpg,230
88,2021-07-01 13:24:30.000000,https://i.ytimg.com/vi/3McazDzNuO4/default.jpg,232
89,2021-07-01 22:11:09.000000,https://i.ytimg.com/vi/IhiievWaZMI/default.jpg,232
90,2021-07-03 00:00:12.000000,https://i.ytimg.com/vi/LT__We9HFYU/default.jpg,232
91,2023-10-18 19:59:35.000000,https://i.ytimg.com/vi/Ntt0x5-eARQ/default.jpg,150
92,2023-10-22 19:47:54.000000,https://i.ytimg.com/vi/kuNl2pU_9UI/default.jpg,150
93,2023-10-25 03:00:48.000000,https://i.ytimg.com/vi/RidlG3_1GAA/default.jpg,150
94,2023-10-16 01:15:39.000000,https://i.ytimg.com/vi/Eub7KopgnWw/default.jpg,236
95,2023-10-19 02:40:57.000000,https://i.ytimg.com/vi/tBK_WRZuuzg/default.jpg,236
96,2023-10-24 09:17:24.000000,https://i.ytimg.com/vi/FJXMwazthWQ/default_live.jpg,236
97,2023-09-24 20:44:12.000000,https://i.ytimg.com/vi/3gQ-xjEs8p8/default.jpg,250
98,2023-09-26 23:19:21.000000,https://i.ytimg.com/vi/ni_O2r_Qhzc/default.jpg,250
99,2023-10-11 20:01:23.000000,https://i.ytimg.com/vi/u16LqTIQomA/default.jpg,250
100,2023-10-21 02:19:00.000000,https://i.ytimg.com/vi/3dexkIhkRV0/default.jpg,117
101,2023-10-23 23:10:30.000000,https://i.ytimg.com/vi/oXS298_zrX4/default.jpg,117
102,2023-10-25 16:26:19.000000,https://i.ytimg.com/vi/i7I4ixJkyVQ/default_live.jpg,117
103,2023-08-19 21:16:16.000000,https://i.ytimg.com/vi/_xRIQfXcVcE/default.jpg,273
104,2023-10-10 22:49:40.000000,https://i.ytimg.com/vi/xggoemU1Vsk/default.jpg,273
105,2023-10-11 20:00:09.000000,https://i.ytimg.com/vi/2EFxaXWinJc/default.jpg,273
106,2023-10-24 19:53:01.000000,https://i.ytimg.com/vi/ptmbRVJ5bt4/default_live.jpg,334
107,2023-10-24 20:20:44.000000,https://i.ytimg.com/vi/tKhYTWlFrFk/default.jpg,334
108,2023-10-25 15:23:39.000000,https://i.ytimg.com/vi/1YBA1nXEmkI/default.jpg,334
109,2023-10-13 00:54:26.000000,https://i.ytimg.com/vi/OTuVcH5tSBo/default.jpg,439
110,2023-10-16 22:01:16.000000,https://i.ytimg.com/vi/ht5B7V-Ikic/default.jpg,439
111,2023-10-18 02:19:02.000000,https://i.ytimg.com/vi/NDzC-81WR8c/default.jpg,439
112,2023-09-15 17:00:11.000000,https://i.ytimg.com/vi/QYKUcPW1KQM/default.jpg,258
113,2023-09-16 18:00:01.000000,https://i.ytimg.com/vi/28OUHpIKrsQ/default.jpg,258
114,2023-10-18 00:22:07.000000,https://i.ytimg.com/vi/XC8o-O2hmsQ/default.jpg,258
115,2022-04-12 23:19:54.000000,https://i.ytimg.com/vi/AXT7WO47jO0/default.jpg,469
116,2023-04-12 02:18:37.000000,https://i.ytimg.com/vi/S8UeD_CghPo/default.jpg,469
117,2023-04-19 20:06:18.000000,https://i.ytimg.com/vi/_RnmTZ6YqEA/default.jpg,469
118,2023-08-27 02:54:41.000000,https://i.ytimg.com/vi/AwW4Qfx62Zo/default.jpg,268
119,2023-08-28 03:12:55.000000,https://i.ytimg.com/vi/ed9dHPcnLSo/default.jpg,268
120,2023-08-28 05:28:42.000000,https://i.ytimg.com/vi/CnsUX7DWuo0/default.jpg,268
121,2023-09-29 04:27:28.000000,https://i.ytimg.com/vi/536oJXjyUb8/default.jpg,186
122,2023-10-04 03:28:05.000000,https://i.ytimg.com/vi/zgOaL43MnBE/default.jpg,186
123,2023-10-22 08:53:35.000000,https://i.ytimg.com/vi/sGYHS_3R-9I/default.jpg,186
124,2023-10-18 19:04:42.000000,https://i.ytimg.com/vi/4ba8qUptDVY/default.jpg,153
125,2023-10-19 15:40:04.000000,https://i.ytimg.com/vi/YkG2UjYz3bM/default.jpg,153
126,2023-10-24 13:06:56.000000,https://i.ytimg.com/vi/hEkTVM352Jw/default.jpg,153
127,2023-10-12 03:56:19.000000,https://i.ytimg.com/vi/C9vIEukw48I/default.jpg,57
128,2023-10-14 01:49:06.000000,https://i.ytimg.com/vi/C5U6avOl6HU/default.jpg,57
129,2023-10-17 22:16:31.000000,https://i.ytimg.com/vi/ZFTzaD44Nnc/default.jpg,57
130,2023-09-21 19:00:10.000000,https://i.ytimg.com/vi/7CJVrXYrl2Q/default.jpg,120
131,2023-10-12 19:00:09.000000,https://i.ytimg.com/vi/Py9p-MaG9rY/default.jpg,120
132,2023-10-19 19:15:07.000000,https://i.ytimg.com/vi/N1VJeHsQx0o/default.jpg,120
133,2023-10-24 18:00:13.000000,https://i.ytimg.com/vi/PHlQ6P49v3o/default.jpg,1004
134,2023-10-24 20:05:31.000000,https://i.ytimg.com/vi/k2RkQcTjE7M/default.jpg,1004
135,2023-10-25 16:48:10.000000,https://i.ytimg.com/vi/FMrz57z-Bgo/default_live.jpg,1004
136,2023-10-08 00:19:38.000000,https://i.ytimg.com/vi/ODmkav1BnCE/default.jpg,352
137,2023-10-19 01:48:08.000000,https://i.ytimg.com/vi/RS4p9bYVChA/default.jpg,352
138,2023-10-22 00:24:13.000000,https://i.ytimg.com/vi/EZqc8m0ebuI/default.jpg,352
139,2023-10-10 01:50:31.000000,https://i.ytimg.com/vi/ED0cUF_uaTA/default.jpg,94
140,2023-10-15 22:00:07.000000,https://i.ytimg.com/vi/c55RVevX7Lo/default.jpg,94
141,2023-10-19 22:08:53.000000,https://i.ytimg.com/vi/iyJVe_vmb-M/default.jpg,94
142,2023-08-09 20:15:09.000000,https://i.ytimg.com/vi/P6ZLs39MBlk/default.jpg,342
143,2023-09-11 08:46:48.000000,https://i.ytimg.com/vi/acHllI2F9r0/default.jpg,342
144,2023-10-11 00:29:09.000000,https://i.ytimg.com/vi/0Lv_HLGjSRI/default.jpg,342
